"","Age","Gender","Country","state","treatment","benefits","mental_health_consequence","phys_health_interview","mental_vs_physical","obs_consequence"
"1",37,"Female","United States","IL","Yes","Yes","No","Maybe","Yes","No"
"2",44,"Male","United States","IN","No","Don't know","Maybe","No","Don't know","No"
"3",32,"Male","Canada","","No","No","No","Yes","No","No"
"4",31,"Male","United Kingdom","","Yes","No","Yes","Maybe","No","Yes"
"5",31,"Male","United States","TX","No","Yes","No","Yes","Don't know","No"
"6",33,"Male","United States","TN","No","Yes","No","Maybe","Don't know","No"
"7",35,"Female","United States","MI","Yes","No","Maybe","No","Don't know","No"
"8",39,"Male","Canada","","No","No","No","No","No","No"
"9",42,"Female","United States","IL","Yes","Yes","Maybe","Maybe","No","No"
"10",23,"Male","Canada","","No","Don't know","No","Maybe","Yes","No"
"11",31,"Male","United States","OH","Yes","Don't know","No","No","Don't know","No"
"12",42,"Female","United States","CA","Yes","Yes","Yes","Maybe","No","Yes"
"13",36,"Male","United States","CT","No","Don't know","No","No","Don't know","No"
"14",27,"Male","Canada","","No","Don't know","No","Yes","Yes","No"
"15",29,"Female","United States","IL","Yes","Yes","No","Maybe","Don't know","No"
"16",23,"Male","United Kingdom","","Yes","Don't know","Maybe","Maybe","No","No"
"17",32,"Male","United States","TN","Yes","Yes","Maybe","No","No","No"
"18",46,"Male","United States","MD","No","Yes","No","Yes","Yes","Yes"
"19",36,"Male","France","","No","No","No","Maybe","Don't know","No"
"20",29,"Male","United States","NY","Yes","Yes","Maybe","No","No","No"
"21",31,"Male","United States","NC","No","No","No","Maybe","Yes","No"
"22",46,"Male","United States","MA","Yes","Yes","Maybe","Maybe","No","No"
"23",41,"Male","United States","IA","Yes","Don't know","Maybe","Yes","Don't know","No"
"24",33,"Male","United States","CA","Yes","Yes","No","Yes","Don't know","No"
"25",35,"Male","United States","TN","Yes","Yes","Yes","Yes","No","No"
"26",33,"Male","United States","TN","No","Don't know","Maybe","No","Don't know","No"
"27",35,"Female","United States","CA","Yes","Yes","No","Maybe","Yes","No"
"28",34,"Male","United States","OH","Yes","Don't know","No","No","No","No"
"29",37,"Male","United Kingdom","","No","No","Yes","Maybe","No","No"
"30",32,"Male","United Kingdom","","No","No","Yes","Maybe","No","No"
"31",31,"Male","United States","PA","No","No","Yes","No","No","Yes"
"32",30,"Male","United Kingdom","","Yes","Don't know","Maybe","Yes","Don't know","No"
"33",42,"Male","United States","WA","Yes","Yes","Maybe","Yes","Don't know","No"
"34",40,"Female","United States","WI","Yes","Yes","Maybe","Maybe","Yes","No"
"35",27,"Male","United States","NY","Yes","No","No","Maybe","Don't know","No"
"36",29,"Male","Canada","","No","No","Yes","No","Don't know","No"
"37",50,"Male","United States","IN","No","Yes","No","Maybe","Don't know","No"
"38",35,"Male","United States","TX","Yes","Yes","No","Maybe","Yes","No"
"39",24,"Male","United Kingdom","","Yes","No","Maybe","Yes","No","Yes"
"40",35,"Male","United States","MI","No","Yes","Yes","Maybe","Don't know","No"
"41",27,"Male","Canada","","Yes","No","Maybe","No","Yes","No"
"42",30,"Male","United States","IN","Yes","Don't know","No","Maybe","Don't know","No"
"43",38,"Female","United States","TX","Yes","Yes","No","No","Yes","No"
"44",28,"Male","United Kingdom","","No","Don't know","No","Yes","Don't know","No"
"45",34,"Male","United States","TN","No","No","No","Yes","Don't know","No"
"46",26,"Male","Canada","","No","No","No","No","Yes","No"
"47",30,"Male","United States","IL","Yes","Yes","Maybe","No","Don't know","No"
"48",22,"Male","United States","TX","Yes","No","Maybe","Maybe","Don't know","No"
"49",33,"Male","United States","UT","No","Don't know","No","Maybe","Don't know","No"
"50",31,"Male","United States",NA,"No","Don't know","Maybe","Maybe","Don't know","No"
"51",32,"Male","United States","TN","No","Don't know","Maybe","No","Don't know","No"
"52",27,"Male-ish","United States","NY","Yes","Yes","Maybe","No","Don't know","No"
"53",32,"Male","United States","TN","No","Don't know","No","No","Yes","No"
"54",24,"Male","United States","NY","Yes","Don't know","No","Yes","No","No"
"55",26,"Male","United States","TN","No","No","No","Yes","Don't know","No"
"56",33,"Male","Canada","","Yes","Don't know","Yes","Maybe","Don't know","No"
"57",44,"Male","United States","IA","Yes","Yes","Yes","Maybe","Don't know","Yes"
"58",27,"Male","United Kingdom","","No","Yes","No","Maybe","Yes","No"
"59",26,"Male","France","","No","No","Yes","No","No","Yes"
"60",35,"Male","Canada","","No","Don't know","No","Maybe","Don't know","No"
"61",40,"Male","United States","CA","No","Yes","Yes","No","No","Yes"
"62",23,"Female","Australia","","Yes","No","No","Maybe","Yes","No"
"63",36,"Male","United States","TX","No","Yes","Maybe","Yes","Yes","No"
"64",31,"Female","United States","NM","No","Don't know","Maybe","Maybe","Don't know","No"
"65",34,"Male","United States","NY","No","No","Maybe","No","Don't know","No"
"66",28,"Male","France","","No","No","Maybe","No","Don't know","No"
"67",34,"Male","Canada","","No","Don't know","No","No","Don't know","No"
"68",23,"Trans-female","United States","MA","No","Yes","Maybe","No","No","No"
"69",38,"Male","United Kingdom","","No","No","No","Yes","Yes","No"
"70",33,"Male","United States","CA","No","Don't know","Maybe","Maybe","Yes","No"
"71",19,"Male","United Kingdom","","No","No","Yes","Maybe","No","No"
"72",25,"Male","United States","WA","No","Yes","No","Yes","Yes","No"
"73",31,"Male","United States","WA","No","No","No","Maybe","Yes","No"
"74",32,"Male","United States","UT","Yes","No","Yes","Yes","No","No"
"75",28,"Male","Germany","","No","Don't know","No","Yes","Yes","No"
"76",38,"Male","United States","NY","No","Yes","No","Maybe","Yes","No"
"77",23,"Male","United Kingdom","","No","Yes","No","Maybe","Yes","No"
"78",30,"Male","Canada","","No","No","No","No","No","No"
"79",27,"Cis Female","United States","NY","Yes","Yes","Maybe","Maybe","Yes","No"
"80",33,"Male","United States","CA","No","No","Yes","Maybe","No","No"
"81",31,"Male","United States","TX","No","Don't know","No","Maybe","No","No"
"82",39,"Male","United Kingdom","","Yes","No","Maybe","Maybe","No","Yes"
"83",34,"Female","United States","OR","Yes","Yes","Yes","No","Don't know","No"
"84",29,"Female","United States","FL","Yes","Yes","Maybe","Maybe","No","Yes"
"85",32,"Male","United States","IL","No","Don't know","No","No","Don't know","No"
"86",31,"Male","United States","NY","No","Yes","No","No","Yes","No"
"87",40,"Male","United States","TX","Yes","No","No","Yes","No","No"
"88",34,"Male","United States","OH","No","Don't know","Maybe","Maybe","Don't know","No"
"89",25,"Female","Canada","","Yes","Yes","Maybe","Maybe","Don't know","No"
"90",29,"Male","United States","MN","No","Don't know","No","Maybe","No","No"
"91",24,"Male","United States","MO","No","Don't know","Maybe","Maybe","Don't know","No"
"92",33,"Cis Male","United States","AZ","Yes","No","Maybe","Maybe","No","No"
"93",30,"Male","United States","IN","Yes","No","No","Maybe","Yes","No"
"94",26,"Female","Canada","","Yes","No","Yes","Maybe","No","Yes"
"95",44,"Female","United States","MA","No","Yes","Maybe","No","Don't know","No"
"96",25,"Male","United States","NY","No","Don't know","No","No","Don't know","No"
"97",33,"Male","United States","WI","Yes","Yes","No","Maybe","Yes","No"
"98",29,"Male","United States","NY","No","Yes","No","No","Don't know","No"
"99",35,"Male","United States","MO","No","Yes","No","No","Don't know","No"
"100",35,"Male","United States","OR","Yes","Don't know","No","Maybe","No","No"
"101",34,"Male","United States","TN","No","Yes","Maybe","No","Don't know","No"
"102",32,"Male","United States","WA","Yes","Yes","Maybe","Maybe","Yes","No"
"103",22,"Male","United States","NY","Yes","Yes","Yes","Yes","No","No"
"104",28,"Male","United States","CA","Yes","Yes","No","Maybe","Yes","No"
"105",45,"Male","United States","MO","Yes","Yes","No","Yes","Yes","No"
"106",32,"Male","United States","NY","No","Yes","Maybe","No","Don't know","No"
"107",28,"Male","United States","TX","No","Don't know","Maybe","Maybe","Don't know","No"
"108",26,"Male","United Kingdom","","No","Don't know","No","No","Don't know","Yes"
"109",21,"Male","United Kingdom","","No","No","Yes","Maybe","No","No"
"110",27,"Male","Canada","","No","Yes","Maybe","No","Don't know","No"
"111",35,"Male","United States","CO","No","Don't know","No","Maybe","Don't know","No"
"112",29,"Male","United States","GA","No","Yes","Yes","No","Don't know","No"
"113",25,"Male","United States","DC","No","Don't know","No","No","Don't know","No"
"114",33,"Male","United States","MN","Yes","Don't know","No","Maybe","Yes","No"
"115",36,"Male","United States","WA","No","Yes","Maybe","No","Don't know","No"
"116",27,"Male","Canada","","Yes","Yes","Maybe","Maybe","No","Yes"
"117",27,"Male","United States","WA","No","Yes","Yes","Yes","Don't know","No"
"118",27,"Male","United Kingdom","","No","No","No","No","Don't know","No"
"119",32,"Male","United States","OR","Yes","Yes","Yes","No","Don't know","No"
"120",31,"Male","United Kingdom","","No","No","Maybe","No","Yes","No"
"121",33,"Male","United States","IL","Yes","Yes","Maybe","Yes","No","No"
"122",32,"Male","United States","CA","No","No","Maybe","Yes","Don't know","No"
"123",27,"Male","United States","NE","No","Don't know","No","Maybe","Don't know","No"
"124",24,"Male","Canada","","Yes","Don't know","No","Yes","Don't know","No"
"125",39,"Male","United Kingdom","","No","No","Yes","No","Don't know","No"
"126",28,"Male","United Kingdom","","No","Don't know","No","Maybe","Yes","No"
"127",39,"Male","United States","IA","Yes","Yes","No","No","Don't know","No"
"128",29,"Female","United States","MD","No","Don't know","Maybe","No","Don't know","No"
"129",38,"Male","United States","OR","Yes","Don't know","Maybe","No","Don't know","No"
"130",37,"Male","United Kingdom","","Yes","No","Yes","Maybe","Yes","No"
"131",35,"Male","United States","TX","No","Don't know","Yes","Maybe","Don't know","No"
"132",30,"Female","United States","PA","No","Don't know","Maybe","Maybe","Don't know","No"
"133",37,"Male","United States","IN","Yes","Yes","Maybe","Maybe","Don't know","No"
"134",24,"Male","United Kingdom","","No","No","Maybe","No","Don't know","No"
"135",23,"Male","United States","WV","No","No","Yes","No","No","No"
"136",30,"Male","Ireland","","Yes","No","Yes","No","No","Yes"
"137",29,"Female","United States","MI","No","Don't know","Maybe","Maybe","Don't know","No"
"138",19,"Male","Canada","","No","Don't know","Maybe","Maybe","Don't know","No"
"139",32,"Male","United States","CA","No","Don't know","No","Maybe","No","No"
"140",36,"Male","United States","IL","No","Don't know","No","Maybe","Don't know","No"
"141",37,"Male","United Kingdom","","Yes","Yes","Yes","Yes","No","Yes"
"142",25,"Male","United States","IL","Yes","Don't know","Maybe","Maybe","No","No"
"143",27,"Male","United States","CA","Yes","Don't know","No","Maybe","Don't know","No"
"144",26,"Male","United States","OK","No","Don't know","Yes","Maybe","No","No"
"145",27,"Male","United States","UT","Yes","No","Maybe","No","Don't know","Yes"
"146",25,"Male","United States","IL","Yes","Don't know","Maybe","No","Don't know","Yes"
"147",36,"Male","United Kingdom","","Yes","Yes","Maybe","Maybe","Don't know","Yes"
"148",25,"Female","United States","NY","Yes","Yes","Yes","No","Don't know","No"
"149",31,"Male","United States","CA","No","Yes","No","No","Don't know","No"
"150",26,"Male","United States","MA","No","Don't know","Maybe","No","Don't know","No"
"151",33,"Female","United States","WA","Yes","No","No","Yes","Yes","No"
"152",27,"Woman","United Kingdom","","No","No","No","Maybe","Yes","No"
"153",34,"Male","United States","MN","No","No","Maybe","Maybe","Don't know","No"
"154",42,"Male","United States","CA","No","No","Maybe","Maybe","No","No"
"155",23,"Male","Ireland","","No","No","Yes","Maybe","No","No"
"156",24,"Male","United Kingdom","","No","Don't know","Maybe","Maybe","Don't know","No"
"157",26,"Male","United Kingdom","","Yes","Yes","No","No","Don't know","No"
"158",31,"Male","United Kingdom","","Yes","Don't know","Maybe","Maybe","Don't know","No"
"159",22,"Male","India","","Yes","Don't know","Yes","Maybe","No","No"
"160",23,"Female","United States","NC","No","Don't know","Maybe","Maybe","Yes","No"
"161",34,"Female","Canada","","Yes","Yes","No","No","No","No"
"162",31,"Male","United States","MO","No","Don't know","Maybe","Maybe","Don't know","No"
"163",28,"Male","United Kingdom","","No","No","No","Maybe","Yes","No"
"164",32,"Female","United States","MA","Yes","Yes","No","No","Yes","Yes"
"165",45,"Female","United States","CA","Yes","Yes","No","No","Yes","No"
"166",33,"Male","United States","TX","No","Don't know","No","Maybe","Don't know","No"
"167",26,"Female","India","","No","No","Maybe","No","Don't know","No"
"168",28,"Female","United Kingdom","","No","Don't know","No","Maybe","Don't know","No"
"169",45,"Male","United States","CA","Yes","Don't know","Yes","No","Don't know","No"
"170",43,"Male","United States","WA","Yes","Yes","Yes","No","No","No"
"171",37,"Male","United States","MA","No","Yes","Yes","Yes","No","No"
"172",24,"Male","United Kingdom","","No","Don't know","Maybe","Yes","Yes","No"
"173",26,"Male","France","","No","No","No","Maybe","Yes","No"
"174",23,"Male","United Kingdom","","No","Don't know","No","Yes","Don't know","No"
"175",35,"Female","United States","CA","Yes","Yes","Maybe","No","Don't know","No"
"176",28,"Male","United States","MI","Yes","Yes","Maybe","Maybe","No","No"
"177",35,"Male","United States","CA","Yes","No","No","No","Don't know","No"
"178",32,"Female","Germany","","No","No","Yes","No","No","Yes"
"179",35,"Female","United States","NY","No","Don't know","Maybe","No","Don't know","No"
"180",26,"Male","United States","CA","No","Yes","No","Maybe","No","No"
"181",27,"Male","United States","TN","No","Yes","Maybe","Maybe","Yes","No"
"182",28,"Male","United Kingdom","","Yes","Don't know","Maybe","Maybe","Don't know","No"
"183",27,"Female","United States","OR","Yes","Yes","No","No","Yes","No"
"184",34,"Female","United States","MN","Yes","Yes","Maybe","No","Yes","No"
"185",41,"Male","United States","FL","Yes","No","Maybe","Maybe","Don't know","No"
"186",37,"Male","Ireland","","No","No","Yes","Yes","Don't know","No"
"187",32,"Male","United Kingdom","","Yes","Don't know","Yes","No","No","Yes"
"188",21,"Male","Canada","","Yes","No","No","Maybe","Yes","No"
"189",30,"Male","United States","MA","Yes","No","Maybe","Maybe","Don't know","No"
"190",24,"Male","United States","KS","No","Don't know","No","No","Don't know","No"
"191",40,"Female","United States","DC","No","Yes","No","No","Yes","No"
"192",37,"Male","United Kingdom","","No","No","Yes","Maybe","Don't know","No"
"193",26,"Male","United Kingdom","","Yes","No","Yes","Maybe","Don't know","No"
"194",32,"Female","United States","TX","Yes","Don't know","Yes","Maybe","No","Yes"
"195",32,"Female","United States","MA","Yes","Yes","No","Yes","Yes","No"
"196",27,"Female","United States","MI","Yes","No","No","No","Don't know","No"
"197",30,"Male","Germany","","Yes","Yes","No","Yes","Yes","No"
"198",31,"Male","Canada","","No","Yes","No","No","Yes","No"
"199",29,"Female","United States","NY","Yes","Yes","Maybe","No","Don't know","No"
"200",41,"Male (CIS)","United States","VA","No","Yes","Yes","No","Don't know","No"
"201",34,"Female","United States","WA","No","Yes","No","Maybe","Yes","No"
"202",33,"Male","United Kingdom","","No","Don't know","No","Yes","Don't know","No"
"203",28,"Male","United States","PA","No","Don't know","No","Maybe","Don't know","No"
"204",28,"Male","United States","MI","Yes","No","Yes","No","No","No"
"205",23,"Male","United States","PA","No","Don't know","No","Yes","Yes","No"
"206",24,"Male","United States","OR","No","Don't know","No","Yes","Yes","No"
"207",32,"Male","United States","WA","No","No","No","Maybe","Yes","No"
"208",34,"Male","Australia","","No","Don't know","Yes","Maybe","Yes","No"
"209",24,"Male","United States","PA","No","Yes","Maybe","Maybe","Yes","No"
"210",26,"Male","United Kingdom","","Yes","No","Maybe","Maybe","Yes","No"
"211",36,"Male","United States","OH","Yes","Yes","Maybe","Maybe","Don't know","Yes"
"212",41,"Male","United States","TX","Yes","Yes","Maybe","Maybe","No","No"
"213",38,"Male","United Kingdom","","Yes","Don't know","Yes","Maybe","No","No"
"214",38,"Male","United States","NH","No","Don't know","Maybe","Maybe","No","No"
"215",30,"Male","Netherlands","","No","Don't know","No","No","Yes","No"
"216",25,"Male","United Kingdom","","No","No","Yes","Maybe","No","No"
"217",37,"Male","Canada","","Yes","Yes","Maybe","Yes","Don't know","No"
"218",34,"Male","United Kingdom","","No","No","No","Yes","No","Yes"
"219",37,"Female","United States","NC","Yes","Yes","No","Maybe","Yes","No"
"220",28,"Female","Canada","","Yes","Yes","No","No","No","Yes"
"221",34,"Male","United States","FL","Yes","No","Maybe","Maybe","No","Yes"
"222",33,"Male","United States","CA","Yes","Yes","No","No","Don't know","No"
"223",27,"Male","United States","GA","No","Yes","No","Maybe","Yes","No"
"224",40,"Male","United States","OH","Yes","Yes","Yes","Maybe","No","Yes"
"225",21,"Male","United States","KY","Yes","Don't know","Maybe","Maybe","Don't know","No"
"226",29,"Male","United Kingdom","","No","No","No","Yes","Yes","No"
"227",32,"Male","United States","NC","Yes","No","Maybe","Yes","Don't know","No"
"228",29,"Female","United States","NY","Yes","Yes","Maybe","Yes","Don't know","No"
"229",23,"Male","United States","AL","Yes","Don't know","Maybe","Yes","Yes","No"
"230",28,"Male","United States","GA","No","Yes","No","Maybe","Yes","Yes"
"231",31,"Male","United States","CA","Yes","Yes","No","Maybe","Yes","No"
"232",27,"Male","United Kingdom","","No","Don't know","Maybe","No","Don't know","No"
"233",24,"Male","United States","VA","No","Don't know","No","Maybe","Don't know","No"
"234",29,"Male","Canada","","No","No","Yes","Maybe","Don't know","No"
"235",23,"Female","United Kingdom","","Yes","Don't know","Maybe","Maybe","Yes","No"
"236",42,"Male","United States","WA","No","No","No","No","Yes","No"
"237",24,"Male","United Kingdom","","No","No","Yes","Yes","No","No"
"238",25,"Male","Australia","","Yes","No","Yes","Yes","No","Yes"
"239",27,"Female","United States","TX","Yes","Yes","Maybe","Maybe","Don't know","No"
"240",27,"Male","Canada","","No","No","Yes","Maybe","No","No"
"241",30,"Male","United States","FL","Yes","Yes","No","No","Yes","No"
"242",43,"Male","Canada","","No","No","Maybe","Yes","Don't know","No"
"243",32,"Male","United States","NV","No","No","No","Maybe","Don't know","No"
"244",41,"Male","United States","AL","Yes","Yes","No","Yes","Yes","No"
"245",32,"Male","United Kingdom","","Yes","Don't know","Maybe","Maybe","Don't know","Yes"
"246",37,"Female","United States","CA","Yes","Yes","Maybe","Yes","Don't know","No"
"247",32,"Male","United States","CO","No","No","No","No","Don't know","No"
"248",30,"Male","Ireland","","No","No","No","Maybe","No","No"
"249",23,"Female","United States","MN","Yes","Yes","No","Maybe","Yes","No"
"250",30,"Male","United States","NJ","No","Yes","No","No","Yes","No"
"251",34,"Male","United Kingdom","","No","No","Maybe","No","Don't know","No"
"252",38,"Male","United States","PA","Yes","Yes","Yes","Maybe","No","No"
"253",33,"Male","Canada","","No","Yes","No","No","Don't know","No"
"254",34,"Male","United States","MO","No","Yes","Maybe","No","Don't know","No"
"255",28,"Male","United States","MN","Yes","Yes","Maybe","No","Yes","No"
"256",23,"Male","United States","PA","No","Don't know","Maybe","Maybe","No","No"
"257",22,"Male","Australia","","Yes","Don't know","Maybe","Yes","No","Yes"
"258",35,"Male","United States","NY","Yes","Yes","Yes","Maybe","Don't know","No"
"259",25,"Male","Canada","","No","Don't know","No","Yes","No","No"
"260",27,"Male","United Kingdom","","Yes","No","Maybe","Yes","Yes","No"
"261",26,"Female","United States","WA","Yes","Yes","Maybe","No","Don't know","No"
"262",38,"Female","United States","TX","Yes","No","No","No","Don't know","Yes"
"263",26,"Female","United States","TX","Yes","Yes","Maybe","No","Don't know","No"
"264",35,"Male","United States","CA","No","Don't know","Yes","No","Don't know","No"
"265",45,"Male","United States","NY","Yes","Yes","Maybe","Maybe","Don't know","No"
"266",32,"Male","United States","CA","No","Yes","Maybe","No","Don't know","No"
"267",56,"Male","United States",NA,"Yes","Yes","No","Maybe","Don't know","No"
"268",24,"Female","United States","CA","No","Don't know","Maybe","Maybe","No","No"
"269",30,"Female","United States","SC","Yes","Yes","No","Yes","Yes","No"
"270",60,"Male","United States","CA","No","Yes","No","Maybe","Yes","No"
"271",33,"Male","United States","CA","Yes","Yes","Yes","Maybe","Don't know","No"
"272",37,"Male","United States","NY","No","Yes","No","Maybe","Don't know","No"
"273",23,"Female","United States","NY","Yes","Yes","No","No","Yes","No"
"274",31,"Female","United States","CA","Yes","Yes","No","No","Yes","No"
"275",26,"Male","United States","MA","No","Yes","No","Maybe","Don't know","No"
"276",28,"Female","United States","WA","Yes","Yes","Yes","No","Yes","No"
"277",37,"Female","United States","CA","Yes","Yes","No","No","Yes","No"
"278",26,"Male","Canada","","Yes","Yes","Maybe","Maybe","Yes","No"
"279",30,"Trans","United States","IL","Yes","Yes","Maybe","No","Don't know","No"
"280",26,"Male","United States","IN","No","No","No","No","Don't know","Yes"
"281",25,"Male","United States","OR","No","Don't know","No","No","Don't know","No"
"282",27,"Male","United States","TN","No","Yes","Maybe","Maybe","Don't know","No"
"283",25,"Male","Canada","","Yes","Don't know","Yes","Maybe","Don't know","No"
"284",35,"Male","United States","OR","Yes","Yes","No","No","Don't know","No"
"285",36,"Male","United States","WA","Yes","No","Maybe","No","Yes","No"
"286",26,"Male","United States","CA","Yes","Yes","Yes","No","No","No"
"287",27,"Male","United States","CA","No","Don't know","No","Maybe","Yes","No"
"288",30,"Male","United States","VT","No","Don't know","Maybe","No","Don't know","No"
"289",29,"Male","United States","NY","No","Don't know","Maybe","Maybe","Don't know","No"
"290",25,"Male","United States","UT","No","Yes","No","Maybe","Yes","No"
"291",22,"Female","United States","NY","Yes","Yes","Maybe","No","Yes","Yes"
"292",41,"Male","United States","SD","Yes","Yes","No","Maybe","Yes","No"
"293",29,"Male","United States","CA","Yes","Yes","Yes","Maybe","No","No"
"294",32,"Male","United States","OR","No","Yes","No","Maybe","Yes","No"
"295",24,"Female","United States","CA","Yes","Yes","Maybe","Maybe","Don't know","No"
"296",25,"Male","United States","CA","Yes","Yes","Maybe","No","Don't know","No"
"297",25,"Male","United States","CA","No","Don't know","Maybe","Maybe","Don't know","No"
"298",30,"Female","United States","CO","No","Yes","Maybe","No","Don't know","No"
"299",25,"Male","United States","CA","Yes","Don't know","No","No","Yes","No"
"300",30,"Male","United States","OH","No","No","Maybe","Maybe","Don't know","No"
"301",33,"Male","Germany","","Yes","No","Yes","No","Yes","Yes"
"302",24,"Male","United States","WA","No","Yes","No","Maybe","Yes","No"
"303",25,"Male","Canada","","Yes","Yes","Yes","No","No","No"
"304",31,"Male","United States","OH","No","Don't know","Maybe","Yes","No","No"
"305",45,"Male","Ireland","","Yes","No","No","No","Don't know","No"
"306",46,"Male","United States","WA","No","Yes","No","Maybe","Don't know","No"
"307",30,"Male","United Kingdom","","Yes","Don't know","Yes","Maybe","Don't know","No"
"308",29,"Female","United States","CA","No","Yes","Maybe","No","Don't know","No"
"309",24,"Male","United States","MA","No","Yes","Yes","Maybe","Don't know","No"
"310",29,"Male","United States","WA","No","Yes","No","Maybe","Yes","No"
"311",35,"Male","United States","MI","No","Don't know","No","No","No","No"
"312",33,"Female","United States","WA","No","No","Yes","Maybe","No","No"
"313",27,"Male","United States","CA","No","Don't know","Yes","Maybe","No","No"
"314",36,"Male","United States","IA","No","Don't know","Maybe","No","Don't know","No"
"315",33,"Male","United Kingdom","","No","Don't know","Yes","Maybe","No","No"
"316",25,"Female","United States","WA","Yes","Yes","No","No","Don't know","No"
"317",23,"Male","United States","AL","Yes","Don't know","No","Yes","Don't know","No"
"318",54,"Male","United States","CA","Yes","Don't know","No","No","Don't know","No"
"319",22,"Male","United States","CA","No","Don't know","Maybe","Maybe","Don't know","No"
"320",25,"Trans","United States","CA","Yes","Yes","Maybe","No","Yes","No"
"321",27,"Male","United States","MA","Yes","Yes","No","Yes","Yes","No"
"322",30,"Male","United Kingdom","","No","No","No","Maybe","Yes","No"
"323",26,"Male","United States","CA","Yes","Yes","Maybe","No","Don't know","No"
"324",31,"Male","United States","CA","Yes","No","No","No","No","No"
"325",33,"Male","United States","IN","Yes","Don't know","Maybe","No","Don't know","No"
"326",34,"Male","United States","WA","Yes","Yes","Maybe","No","Don't know","No"
"327",34,"Male","United States","WA","Yes","No","Yes","Maybe","Don't know","No"
"328",29,"Male","United States","IN","No","No","No","Maybe","Yes","No"
"329",33,"Femake","United States","WA","No","No","Maybe","No","Don't know","No"
"330",34,"Male","Germany","","Yes","No","No","Maybe","Yes","No"
"331",26,"Male","United States","OK","Yes","No","Maybe","Yes","No","No"
"332",32,"Male","United States","MI","Yes","Yes","No","Yes","Yes","No"
"333",28,"Male","United States","GA","Yes","Don't know","Maybe","No","No","No"
"334",35,"Male","United States","CA","No","Yes","No","No","Don't know","No"
"335",36,"Male","United States",NA,"Yes","No","No","No","Don't know","No"
"336",21,"Male","United States","IN","Yes","Yes","No","Maybe","Don't know","No"
"337",21,"Male","United Kingdom","","Yes","Don't know","Yes","Maybe","No","No"
"338",22,"Female","United States","WA","No","Yes","No","No","Yes","No"
"339",41,"Male","United States","WA","Yes","Yes","Maybe","Maybe","No","Yes"
"340",55,"Male","United States","PA","Yes","Yes","No","No","Yes","No"
"341",32,"Female","United States","WA","Yes","Yes","Maybe","Maybe","Yes","No"
"342",21,"Female","United States","CA","Yes","Don't know","Yes","Yes","Don't know","No"
"343",45,"Male","United States","MA","Yes","Yes","Maybe","Maybe","Don't know","No"
"344",27,"Female","United States","WA","Yes","Yes","Yes","No","No","No"
"345",25,"Female","United States","WA","Yes","Don't know","Maybe","No","Yes","No"
"346",34,"Female","United States","NY","Yes","Yes","Maybe","No","Yes","No"
"347",26,"Female","United States","CA","Yes","Yes","Maybe","No","Don't know","No"
"348",41,"Male","Canada","","Yes","Yes","No","No","Don't know","No"
"349",27,"Male","United States","CA","Yes","Yes","No","Maybe","Yes","No"
"350",31,"Make","United States","IN","Yes","Yes","No","No","Don't know","No"
"351",25,"Male","Germany","","Yes","No","No","Yes","No","No"
"352",26,"Male","United States","NV","Yes","Don't know","Yes","No","No","No"
"353",27,"Female","United States","CO","Yes","Yes","Maybe","No","Don't know","No"
"354",29,"Nah","United States","CA","Yes","Yes","Yes","Maybe","No","No"
"355",25,"Female","United States","CA","Yes","Don't know","Yes","Maybe","Don't know","No"
"356",40,"Female","United States","PA","Yes","Yes","Maybe","No","Don't know","No"
"357",31,"Male","United States","SC","No","Don't know","Yes","No","Don't know","No"
"358",26,"Male","Canada","","Yes","Don't know","No","No","Yes","No"
"359",24,"Female","United States","TX","No","No","Yes","Maybe","No","Yes"
"360",29,"Male","United States","TX","No","Yes","Maybe","No","Don't know","No"
"361",48,"Male","United Kingdom","","No","Don't know","Maybe","No","No","No"
"362",35,"Male","United Kingdom","","No","No","Maybe","Maybe","No","Yes"
"363",32,"Female","United States","AL","No","Don't know","Maybe","Maybe","Don't know","No"
"364",29,"Male","Canada","","Yes","Don't know","Maybe","Maybe","Yes","No"
"365",26,"Male","United States","OR","Yes","Yes","Maybe","No","No","No"
"366",28,"Male","United States","NJ","Yes","Yes","Maybe","Maybe","No","No"
"367",23,"Male","United States","CA","No","Don't know","No","Maybe","No","No"
"368",35,"Male","United States","CA","Yes","Yes","Maybe","Maybe","No","Yes"
"369",29,"Male","Germany","","Yes","Don't know","Maybe","Maybe","Don't know","No"
"370",26,"Male","United States","CA","No","Yes","No","Maybe","No","No"
"371",33,"Male","United States","NH","Yes","Yes","Yes","No","Yes","No"
"372",33,"Male","United States","CA","No","Don't know","Yes","Maybe","Yes","No"
"373",33,"Male","United States","OH","Yes","Yes","Yes","No","No","No"
"374",31,"Female","United States","OH","Yes","Don't know","Yes","Maybe","No","No"
"375",21,"Male","United States","MA","No","Don't know","No","Maybe","Don't know","Yes"
"376",31,"Enby","United Kingdom","","Yes","Don't know","Yes","Yes","Yes","No"
"377",26,"Female","United States","OK","Yes","Don't know","No","No","Yes","No"
"378",30,"Male","United States","CA","No","Don't know","Maybe","No","Don't know","No"
"379",30,"Trans","Germany","","Yes","Don't know","No","Maybe","No","No"
"380",23,"Male","India","","No","No","No","Maybe","No","No"
"381",55,"Male","United States","ID","Yes","No","Yes","No","No","Yes"
"382",28,"Male","Germany","","Yes","Yes","No","No","Yes","No"
"383",32,"Male","United Kingdom","","Yes","No","No","No","Don't know","No"
"384",28,"Female","United States","NY","Yes","Yes","Maybe","No","Don't know","No"
"385",21,"Male","United States","CA","No","Don't know","No","Maybe","Yes","No"
"386",24,"Male","United States","TX","Yes","No","Yes","Maybe","No","Yes"
"387",26,"Female","United States","MD","No","Yes","Maybe","No","Don't know","No"
"388",23,"Male","United States","IN","No","Yes","No","Yes","Don't know","No"
"389",24,"Female","United States","OR","No","Yes","No","Yes","Yes","No"
"390",28,"Male","Canada","","No","Don't know","Maybe","No","Yes","No"
"391",24,"Female","United States","NY","Yes","No","Yes","Yes","Yes","No"
"392",33,"Male","United States","MS","Yes","No","Yes","Yes","Don't know","No"
"393",34,"Male","United States","NJ","No","Don't know","Maybe","Maybe","Don't know","No"
"394",27,"Female","United States","CA","Yes","Don't know","Maybe","No","Don't know","No"
"395",28,"Male","United States","TN","No","Don't know","No","No","Don't know","No"
"396",26,"Male","United States","WA","No","Don't know","No","No","Don't know","Yes"
"397",20,"Male","Australia","","No","Don't know","No","No","Don't know","No"
"398",23,"Female","United States","MA","Yes","Yes","Maybe","Maybe","Don't know","No"
"399",29,"Male","United States","PA","Yes","Yes","No","Maybe","Yes","No"
"400",26,"Male","United Kingdom","","No","No","Maybe","Maybe","No","No"
"401",36,"Male","United States","KY","No","Yes","Maybe","No","Don't know","No"
"402",41,"Male","United States","PA","Yes","Yes","Maybe","Yes","Yes","Yes"
"403",33,"Female","United States","MA","No","Yes","No","No","Yes","No"
"404",23,"Male","Canada","","Yes","Yes","No","No","Yes","No"
"405",39,"Male","United States","CA","No","Yes","Yes","Maybe","No","Yes"
"406",34,"Male","United States","VT","No","Yes","Maybe","Maybe","Don't know","Yes"
"407",26,"Female","United States","CA","Yes","Yes","Yes","No","No","Yes"
"408",24,"Male","United States","AZ","Yes","Yes","No","No","Don't know","No"
"409",37,"Male","Canada","","Yes","Yes","Maybe","No","Don't know","No"
"410",43,"Male","United States","MA","Yes","Yes","No","Maybe","Yes","No"
"411",40,"Genderqueer","United States","VA","No","Yes","Yes","Maybe","Yes","No"
"412",30,"Male","United States","WA","Yes","Yes","Yes","No","No","Yes"
"413",34,"Male","United States","CA","Yes","Don't know","Yes","No","Don't know","No"
"414",27,"Male","United States","OR","Yes","Don't know","Yes","Yes","Don't know","No"
"415",36,"Male","United States","MI","No","Don't know","No","Yes","Don't know","No"
"416",35,"Male","Netherlands","","No","Yes","Yes","Maybe","Don't know","No"
"417",32,"Male","United Kingdom","","No","No","Maybe","Yes","Yes","No"
"418",37,"Male","United States","OR","No","Yes","Maybe","No","Don't know","No"
"419",29,"Male","United Kingdom","","No","Don't know","No","Maybe","Yes","No"
"420",33,"Female","United States","CA","No","Yes","Maybe","No","Yes","No"
"421",28,"Make","United States","UT","No","No","Yes","No","Don't know","No"
"422",26,"Female","United States","CA","No","Don't know","Maybe","Maybe","No","No"
"423",27,"Male","United States","TX","Yes","Don't know","Yes","Maybe","Yes","No"
"424",38,"Male","United Kingdom","","Yes","No","Maybe","Maybe","Yes","No"
"425",57,"Male","United States","CA","Yes","Yes","Maybe","Maybe","No","No"
"426",28,"Male","United Kingdom","","Yes","No","Yes","Maybe","No","No"
"427",26,"Male","France","","No","No","Maybe","Maybe","No","No"
"428",42,"Female","Netherlands","","Yes","Yes","Yes","Maybe","Don't know","No"
"429",31,"Male","United States","OR","Yes","Yes","No","No","Yes","No"
"430",58,"Male","United States","CA","Yes","Yes","Maybe","Yes","Yes","No"
"431",29,"Male","United States","OH","No","Don't know","Yes","Maybe","No","No"
"432",39,"Female","United Kingdom","","Yes","Yes","Yes","Maybe","No","Yes"
"433",34,"Male","United States","OH","No","Don't know","Maybe","Maybe","Don't know","No"
"434",57,"Male","United States","CA","Yes","Yes","Maybe","Maybe","Don't know","No"
"435",27,"Male","Germany","","Yes","No","Yes","No","No","Yes"
"436",23,"Male","Germany","","Yes","Don't know","No","Yes","Don't know","No"
"437",30,"Female","United States","NY","No","Don't know","Maybe","Maybe","Don't know","No"
"438",23,"Male","United States","VA","No","Don't know","No","Yes","Yes","No"
"439",43,"Male","United States","CA","Yes","Yes","Yes","Yes","Don't know","No"
"440",29,"Male","United States","IL","Yes","Yes","Maybe","Maybe","Don't know","No"
"441",48,"Male","United States","TX","No","Don't know","Maybe","Maybe","Don't know","No"
"442",43,"Male","Germany","","Yes","No","Maybe","Yes","No","Yes"
"443",28,"Female","United States","NY","Yes","Don't know","Yes","Maybe","Don't know","No"
"444",30,"Male","United States","CA","Yes","No","No","No","Yes","No"
"445",31,"Male","United States","CA","No","Yes","No","No","Yes","No"
"446",30,"Male","United States","PA","No","Don't know","No","No","Don't know","No"
"447",24,"Female","United States","CA","Yes","No","No","No","Don't know","Yes"
"448",25,"Male","United States","WA","No","Don't know","Maybe","No","Don't know","No"
"449",23,"Female","United States","NY","Yes","Yes","Maybe","No","Yes","Yes"
"450",36,"Male","United States","TX","Yes","Yes","Yes","No","No","Yes"
"451",25,"Female","United States","CA","Yes","Don't know","Yes","Maybe","No","Yes"
"452",54,"Male","United Kingdom","","Yes","No","No","Maybe","No","No"
"453",34,"Male","Netherlands","","No","Don't know","No","Maybe","Yes","No"
"454",38,"Female","United States","AZ","Yes","Yes","Maybe","No","No","No"
"455",40,"Male","Ireland","","No","No","Yes","Maybe","No","Yes"
"456",32,"Male","United Kingdom","","No","No","No","Maybe","Don't know","No"
"457",25,"Male","Germany","","No","Don't know","No","Yes","Don't know","No"
"458",35,"Female","United States","OH","Yes","No","Yes","Maybe","No","No"
"459",46,"Male","United States","CA","Yes","Yes","Maybe","No","Yes","No"
"460",42,"Male","United States","KS","No","Yes","Maybe","Yes","No","No"
"461",32,"Male","United Kingdom","","Yes","Yes","No","Maybe","Yes","No"
"462",47,"Male","United States","CA","Yes","Yes","No","Yes","Yes","No"
"463",22,"Male","United States","CA","No","Yes","No","Maybe","Yes","No"
"464",33,"Female","United States","NY","Yes","Yes","No","No","Don't know","No"
"465",25,"Female","United States","WA","No","No","Maybe","No","Yes","No"
"466",29,"Male","United States","CA","No","Don't know","Maybe","Maybe","Don't know","No"
"467",39,"Male","United States","WA","No","Yes","No","No","Yes","No"
"468",38,"Male","United States","VA","Yes","Yes","Yes","No","No","No"
"469",43,"Male","United States","NC","No","Don't know","Maybe","No","Don't know","No"
"470",46,"Male","United States","OH","Yes","Yes","No","Maybe","Yes","No"
"471",38,"Female","United States","PA","Yes","Yes","Maybe","No","No","Yes"
"472",33,"Male","Germany","","Yes","Yes","Yes","Maybe","No","No"
"473",34,"Male","United Kingdom","","Yes","No","Maybe","No","No","No"
"474",62,"Male","United States","CA","No","Yes","Maybe","Maybe","Yes","No"
"475",23,"Female","United States","TX","No","Don't know","Maybe","No","Don't know","No"
"476",35,"Male","United States","AZ","No","No","Maybe","No","No","No"
"477",36,"Male","United States","IL","Yes","Don't know","Maybe","Yes","Yes","No"
"478",41,"Female","United States",NA,"Yes","Yes","Maybe","No","Yes","No"
"479",29,"Male","United States","NC","Yes","Yes","No","No","Yes","No"
"480",31,"Female","Canada","","Yes","Don't know","Maybe","No","Yes","No"
"481",27,"Male","United Kingdom","","No","No","No","Yes","Don't know","No"
"482",31,"Male","Australia","","Yes","Yes","No","Yes","No","No"
"483",21,"Male","Canada","","No","Don't know","Yes","Maybe","Don't know","No"
"484",27,"Female","Australia","","Yes","No","Yes","No","No","No"
"485",39,"Male","United States","WI","Yes","Yes","Yes","No","No","No"
"486",26,"Male","United States","CA","Yes","Don't know","Maybe","No","No","No"
"487",27,"Male","United Kingdom","","No","Don't know","Maybe","No","Don't know","No"
"488",22,"Female","United States","CA","Yes","Yes","No","No","No","Yes"
"489",26,"Female","United States","MN","Yes","Don't know","Maybe","Maybe","No","No"
"490",31,"Female","United States","PA","Yes","Yes","No","No","Yes","No"
"491",32,"Male","United Kingdom","","No","Don't know","No","Yes","Yes","No"
"492",28,"Female","United States","CA","Yes","Yes","Yes","No","No","Yes"
"493",28,"Androgyne","United Kingdom","","Yes","No","Yes","No","No","Yes"
"494",23,"Female","United Kingdom","","No","Don't know","Maybe","Yes","Yes","No"
"495",30,"Male","United Kingdom","","No","Don't know","No","Maybe","Yes","No"
"496",36,"Male","United States","CA","Yes","Yes","Yes","Yes","No","No"
"497",21,"Male","United States","CA","No","Yes","No","Maybe","Yes","No"
"498",30,"Male","Germany","","No","No","Maybe","Yes","Don't know","No"
"499",25,"Woman","United States","CA","No","Don't know","Maybe","Maybe","Don't know","No"
"500",29,"Female","Canada","","Yes","No","Maybe","No","Yes","No"
"501",21,"Agender","United Kingdom","","Yes","No","Maybe","No","Yes","No"
"502",32,"Female","Canada","","Yes","Don't know","Maybe","No","Don't know","No"
"503",34,"Male","Australia","","No","Yes","No","Maybe","Yes","No"
"504",33,"Male","United States","NY","No","Don't know","Yes","Maybe","Don't know","No"
"505",22,"Male","Netherlands","","Yes","No","No","Yes","Yes","No"
"506",24,"Male","United States","CA","No","Don't know","Maybe","No","Yes","No"
"507",65,"Male","United States","FL","No","No","Maybe","No","Yes","No"
"508",27,"Male","United States","OR","Yes","Don't know","No","No","Yes","No"
"509",33,"Male","Australia","","No","Don't know","No","Yes","Yes","No"
"510",36,"Male","United States","CO","Yes","Don't know","No","No","Don't know","No"
"511",40,"Male","Canada","","No","No","No","No","No","No"
"512",28,"Male","United States","GA","Yes","Yes","Maybe","Maybe","No","No"
"513",39,"Male","United States","OR","Yes","Yes","Yes","Maybe","Don't know","No"
"514",32,"Male","United States","CA","Yes","Yes","No","Yes","Don't know","No"
"515",31,"Male","United States","CA","No","Yes","Maybe","Yes","No","No"
"516",38,"Make","United States","PA","Yes","Don't know","Maybe","No","Don't know","No"
"517",23,"Male","United States","CA","Yes","No","Maybe","No","Yes","No"
"518",42,"Make","United States","CA","Yes","Yes","Maybe","Maybe","Don't know","No"
"519",27,"Female","United States","NY","No","Don't know","No","No","Yes","No"
"520",26,"Female","United States","MA","Yes","Yes","No","No","No","Yes"
"521",50,"Male","United States",NA,"No","No","No","Maybe","No","No"
"522",37,"Male","United States","PA","No","Don't know","No","No","Yes","No"
"523",23,"Male","United States","RI","No","Don't know","No","Maybe","Don't know","No"
"524",33,"Male","United States","MI","No","Don't know","No","No","Yes","No"
"525",29,"Male","Canada","","No","Yes","Yes","Yes","No","No"
"526",34,"Male","United States","IL","Yes","Yes","Maybe","Maybe","Don't know","No"
"527",41,"Male","United States","CA","Yes","Yes","Maybe","No","Don't know","Yes"
"528",50,"Male","United States","OR","No","Don't know","No","Maybe","Don't know","No"
"529",29,"Male","Canada","","Yes","Yes","Maybe","Maybe","Don't know","Yes"
"530",35,"Male","United States","IN","No","No","No","Maybe","Yes","No"
"531",40,"Female","United States","MA","No","Don't know","Maybe","Maybe","Don't know","No"
"532",27,"Male","Australia","","Yes","No","Maybe","Maybe","No","Yes"
"533",29,"Female","United States","MI","No","Yes","Maybe","Maybe","Don't know","Yes"
"534",31,"Male","United States","OH","Yes","No","Maybe","Maybe","Don't know","No"
"535",43,"Male","United States","OH","Yes","No","No","Maybe","Don't know","No"
"536",34,"Male","United States","NH","Yes","Yes","Maybe","Yes","Don't know","Yes"
"537",29,"Male","United States","OH","Yes","Don't know","Yes","Maybe","Don't know","No"
"538",19,"Male","Canada","","Yes","No","Maybe","Maybe","Don't know","No"
"539",41,"Male","United States","TN","Yes","Yes","Maybe","No","No","No"
"540",29,"Male","United States","OR","No","Yes","No","Maybe","Yes","No"
"541",23,"Male","United States","PA","No","Yes","No","No","Yes","No"
"542",24,"Female","United States",NA,"Yes","Yes","Yes","No","No","Yes"
"543",31,"Male","United States","NY","No","Don't know","Yes","Maybe","Don't know","No"
"544",43,"Male","United States","WA","No","Don't know","No","No","Yes","No"
"545",31,"Male","United States","NY","Yes","No","Yes","No","No","Yes"
"546",29,"Male","United States","CA","No","Yes","No","No","Don't know","No"
"547",35,"Male","United States","TN","No","No","No","Maybe","Yes","No"
"548",33,"Male","United States","WI","Yes","Yes","Yes","No","No","No"
"549",30,"Female","United States","WI","Yes","No","No","No","Yes","No"
"550",27,"Male","United States","PA","No","Yes","Maybe","Maybe","No","No"
"551",32,"Male","United States","MI","No","No","Maybe","No","No","No"
"552",50,"Male","United States","WY","No","Don't know","Yes","Maybe","Don't know","No"
"553",24,"Male","United States","KY","No","Don't know","Maybe","Maybe","No","No"
"554",27,"Male","United States","NY","No","Don't know","No","Maybe","Yes","No"
"555",27,"Male","Australia","","No","No","Yes","Maybe","Don't know","No"
"556",32,"Male","United States","TX","Yes","No","No","Maybe","Yes","No"
"557",42,"Male","United States","WI","No","No","No","Maybe","Yes","No"
"558",37,"Male","United States","WA","No","Don't know","Maybe","No","No","No"
"559",29,"Male","United States","WA","No","Yes","Yes","No","Don't know","No"
"560",30,"Male","United States","GA","Yes","No","No","Maybe","Yes","No"
"561",35,"Male","United States","MI","No","Yes","No","Maybe","Yes","No"
"562",35,"Male","United States","MD","Yes","Yes","Yes","Maybe","No","No"
"563",38,"Male","Netherlands","","No","No","Maybe","Maybe","Don't know","No"
"564",22,"Male","United Kingdom","","Yes","Yes","No","Yes","Yes","No"
"565",24,"Male","Germany","","No","Don't know","No","Maybe","Don't know","No"
"566",22,"Male","Netherlands","","No","Don't know","No","Yes","No","Yes"
"567",31,"Female","United States","WA","Yes","Yes","Maybe","Yes","Don't know","No"
"568",23,"Female","United States","CA","Yes","Yes","Yes","No","Don't know","No"
"569",31,"Female","United States","OR","Yes","Don't know","No","No","Don't know","No"
"570",28,"Female","United States","CA","Yes","Yes","Maybe","No","No","No"
"571",37,"Guy (-ish) ^_^","Canada","","Yes","Yes","Yes","Maybe","No","No"
"572",34,"Male","United States","CA","Yes","No","No","No","No","No"
"573",32,"Trans","Canada","","No","No","Yes","Maybe","No","Yes"
"574",28,"Male","United States","MI","Yes","Yes","Yes","No","Don't know","Yes"
"575",24,"Female","United Kingdom","","Yes","No","Maybe","Maybe","Don't know","No"
"576",56,"Male","United States","MA","Yes","Yes","Yes","No","Don't know","No"
"577",31,"Male","Germany","","No","No","No","Maybe","Yes","No"
"578",34,"Female","United States","CA","Yes","Yes","Maybe","No","Yes","No"
"579",35,"Male","Germany","","Yes","Don't know","No","No","Yes","No"
"580",28,"Male","Germany","","No","No","No","Yes","Don't know","No"
"581",30,"Male","United Kingdom","","Yes","No","No","Maybe","Yes","No"
"582",35,"Male","United States",NA,"No","Yes","No","No","Yes","No"
"583",36,"Male","Germany","","No","Yes","No","Maybe","Yes","No"
"584",35,"Male","Germany","","No","No","Maybe","No","Don't know","No"
"585",29,"Female","Australia","","Yes","Yes","Yes","No","No","Yes"
"586",57,"Male","United States","CA","No","Yes","Yes","Maybe","Don't know","Yes"
"587",37,"Male","Ireland","","No","No","Yes","Maybe","Don't know","No"
"588",25,"Male","Ireland","","Yes","No","Maybe","Maybe","No","No"
"589",30,"Male","Australia","","No","No","No","No","Don't know","No"
"590",26,"Female","Australia","","No","No","No","No","Don't know","No"
"591",22,"Female","Netherlands","","No","No","No","Yes","Don't know","No"
"592",39,"Male","United States","FL","No","Don't know","No","Maybe","Don't know","No"
"593",29,"Male","United Kingdom","","Yes","Don't know","Maybe","No","No","No"
"594",54,"Male","United Kingdom","","Yes","Don't know","No","Yes","Don't know","Yes"
"595",34,"Female","Australia","","No","Don't know","Yes","No","Don't know","Yes"
"596",32,"Male","United States","WA","Yes","Yes","Maybe","No","Yes","No"
"597",32,"Male","Germany","","No","No","No","Maybe","Don't know","No"
"598",30,"Male","United Kingdom","","Yes","Yes","Maybe","Yes","Yes","No"
"599",31,"Male","Germany","","No","Don't know","No","Maybe","Don't know","No"
"600",27,"Male","United Kingdom","","No","Don't know","No","Maybe","Don't know","No"
"601",32,"Male","United States","CA","No","Don't know","Maybe","No","Don't know","No"
"602",26,"Male","Ireland","","No","No","Maybe","Maybe","Yes","No"
"603",30,"Male","Ireland","","Yes","No","Maybe","No","No","No"
"604",22,"Male","India","","No","Don't know","Maybe","Maybe","Yes","Yes"
"605",24,"Male","Ireland","","No","Don't know","No","No","Don't know","No"
"606",26,"Male","Netherlands","","No","No","Maybe","No","Don't know","No"
"607",43,"Male","France","","No","Don't know","No","Maybe","Don't know","No"
"608",23,"Male","United States","NC","No","Don't know","Maybe","Maybe","Don't know","No"
"609",26,"Man","Canada","","No","Yes","No","No","Yes","No"
"610",35,"Male","Canada","","No","Don't know","Maybe","No","No","No"
"611",28,"Male","United States","IL","Yes","Don't know","No","Maybe","Don't know","No"
"612",22,"Male","India","","No","No","Maybe","Maybe","Don't know","No"
"613",29,"Female","United States","OH","Yes","Don't know","Yes","No","Don't know","No"
"614",29,"Male","Germany","","No","No","No","Yes","Yes","No"
"615",45,"Male","United States","VA","Yes","Yes","No","Maybe","Yes","No"
"616",38,"Male","United States","MN","Yes","Yes","No","No","Don't know","No"
"617",19,"Trans woman","United States","MO","Yes","Don't know","Maybe","Maybe","No","No"
"618",29,"Female","Canada","","Yes","Yes","No","Maybe","Don't know","No"
"619",21,"Female","United Kingdom","","No","No","Yes","No","Don't know","No"
"620",23,"Female","India","","Yes","Don't know","Yes","No","Don't know","No"
"621",33,"Female","United States","NC","Yes","Yes","No","No","Yes","No"
"622",49,"Male","United States","NY","Yes","Yes","Maybe","No","Yes","No"
"623",28,"Male","United States","NM","No","Don't know","Maybe","No","Don't know","No"
"624",27,"Female","United Kingdom","","Yes","Don't know","No","Maybe","Yes","No"
"625",23,"Male","Canada","","Yes","Yes","Maybe","No","Don't know","No"
"626",29,"Male","Netherlands","","No","No","No","Maybe","Yes","No"
"627",30,"Male","Germany","","No","Don't know","No","Maybe","Don't know","No"
"628",28,"Female","Canada","","No","Yes","No","No","Don't know","No"
"629",32,"Male","United Kingdom","","No","No","Yes","Yes","No","No"
"630",32,"Male","United Kingdom","","Yes","Yes","No","No","Yes","No"
"631",37,"Male","France","","No","No","Maybe","Maybe","No","No"
"632",39,"Female","United States","TX","No","No","Yes","Maybe","No","No"
"633",31,"Male","France","","No","Don't know","Maybe","No","Yes","No"
"634",29,"Male","United States","SC","No","No","Maybe","No","Don't know","No"
"635",30,"Male","United States","FL","No","Yes","Maybe","No","Don't know","No"
"636",33,"Male","United States","WA","Yes","No","No","No","Yes","Yes"
"637",37,"Male","United States","CA","Yes","Yes","Maybe","No","Don't know","No"
"638",23,"Male","United States","OH","Yes","Yes","No","Maybe","Yes","No"
"639",43,"Male","United States","TN","Yes","Yes","Yes","No","No","No"
"640",32,"Male","United Kingdom","","Yes","Don't know","Maybe","Maybe","No","Yes"
"641",26,"Male","United States","NY","No","Don't know","Yes","No","No","No"
"642",32,"Male","United States","NY","Yes","Don't know","No","Yes","Don't know","No"
"643",37,"Female","United States","MO","No","Don't know","Yes","No","Don't know","No"
"644",29,"Male","United States","NY","Yes","Yes","No","Maybe","Yes","No"
"645",34,"Male","United Kingdom","","No","No","Maybe","Maybe","Don't know","No"
"646",27,"Male","France","","No","Don't know","No","No","Yes","No"
"647",30,"Male","United States","TN","No","Don't know","No","Maybe","Don't know","No"
"648",29,"Male","United States","CO","No","Yes","Maybe","No","No","No"
"649",32,"Male","United States","PA","Yes","Yes","Yes","No","No","No"
"650",25,"Male","Germany","","No","Yes","Maybe","Yes","Yes","No"
"651",37,"Male","United States","NY","No","Yes","No","Maybe","Yes","No"
"652",29,"Male","Netherlands","","No","No","No","Maybe","Yes","No"
"653",27,"Man","United States","MN","No","Yes","No","No","Don't know","No"
"654",33,"Male","United Kingdom","","No","Don't know","Maybe","Maybe","Don't know","No"
"655",30,"Male","Canada","","Yes","Don't know","Yes","Yes","No","Yes"
"656",29,"Male","Canada","","No","No","Maybe","Maybe","Don't know","No"
"657",25,"Male","United States","MO","Yes","Don't know","Yes","No","No","No"
"658",33,"Male","United States","WY","Yes","No","No","Maybe","Don't know","No"
"659",21,"Male","Germany","","No","Don't know","Maybe","Maybe","No","No"
"660",29,"Male","United States","MN","No","Don't know","No","No","No","No"
"661",37,"Male","United Kingdom","","Yes","No","Yes","Yes","No","No"
"662",24,"Male","France","","No","No","Maybe","No","Don't know","No"
"663",29,"Male","United States","MD","No","Don't know","No","No","Don't know","No"
"664",31,"Male","United States","KY","No","Yes","No","No","Don't know","No"
"665",33,"Male","United Kingdom","","No","No","No","Yes","No","No"
"666",43,"Male","United States","NY","No","Yes","No","Maybe","Don't know","No"
"667",33,"Male","United Kingdom","","Yes","Don't know","Maybe","Maybe","Don't know","No"
"668",27,"Male","United Kingdom","","No","No","Maybe","Yes","Yes","No"
"669",36,"Male","United States","TN","Yes","Don't know","Yes","Maybe","Don't know","No"
"670",37,"Male","Australia","","Yes","No","No","Maybe","Yes","Yes"
"671",39,"Male","United Kingdom","","Yes","No","No","Yes","Yes","No"
"672",31,"Male","United States","TX","Yes","Yes","Maybe","Yes","Don't know","No"
"673",36,"Male","United States","OH","Yes","Yes","Maybe","Maybe","Don't know","No"
"674",30,"Male","United States","TX","Yes","Don't know","No","Yes","Don't know","No"
"675",28,"Male","Canada","","No","Yes","No","Maybe","Yes","No"
"676",35,"Male","United States","CA","Yes","Yes","No","No","Yes","No"
"677",19,"Male","Canada","","Yes","Don't know","No","Yes","Don't know","No"
"678",42,"Male","Germany","","No","Don't know","No","Maybe","Yes","No"
"679",37,"Male","United States","MI","Yes","Don't know","Maybe","No","Don't know","No"
"680",36,"Male","United States","CA","No","Yes","No","No","Yes","No"
"681",29,"Female","United States","OR","Yes","Don't know","Maybe","Maybe","Don't know","No"
"682",38,"Female","United States","NC","Yes","Yes","Maybe","No","Don't know","No"
"683",26,"Male","United States","CA","Yes","Yes","Yes","Maybe","No","No"
"684",34,"Male","Germany","","No","No","Maybe","Maybe","Yes","No"
"685",21,"Male","United States","IL","Yes","No","Yes","Yes","No","Yes"
"686",31,"Male","Canada","","No","No","No","No","Yes","No"
"687",37,"Female","United States","CA","Yes","Yes","Maybe","Maybe","Yes","No"
"688",37,"Male","Ireland","","Yes","No","No","Maybe","Yes","No"
"689",38,"Male","Ireland","","Yes","No","Yes","No","No","No"
"690",27,"Female","United States","CA","Yes","Don't know","Yes","Maybe","No","No"
"691",39,"Male","Netherlands","","No","No","No","Maybe","Yes","No"
"692",33,"Female","United States","AZ","Yes","Yes","Maybe","No","No","No"
"693",27,"Male","United Kingdom","","No","Don't know","No","Yes","Don't know","No"
"694",36,"Female","United States","CA","Yes","Yes","Maybe","No","No","No"
"695",28,"Male","United Kingdom","","No","Don't know","No","Yes","Don't know","No"
"696",39,"Male","United Kingdom","","Yes","Don't know","Maybe","No","Don't know","No"
"697",33,"Male","United States","VA","Yes","No","Maybe","No","Yes","No"
"698",32,"Male","United Kingdom","","No","Don't know","Maybe","Yes","Don't know","No"
"699",28,"Male","United Kingdom","","No","Don't know","No","Yes","No","No"
"700",37,"Male","United Kingdom","","Yes","No","Yes","Maybe","No","Yes"
"701",39,"Male","Canada","","Yes","Yes","Yes","Maybe","No","Yes"
"702",43,"Male","United States","VA","No","Don't know","Maybe","Maybe","No","No"
"703",32,"Neuter","United Kingdom","","Yes","Don't know","No","Yes","Yes","Yes"
"704",27,"Female","United States","WA","No","Don't know","Maybe","No","Don't know","No"
"705",31,"Female","United Kingdom","","No","Don't know","No","Maybe","Don't know","No"
"706",43,"Male","United Kingdom","","Yes","Don't know","No","Yes","Don't know","No"
"707",33,"Male","United States","WI","Yes","No","No","Yes","Don't know","No"
"708",34,"Male","United Kingdom","","Yes","Don't know","No","Maybe","Yes","No"
"709",33,"Male","United States","CA","No","Don't know","No","Maybe","Don't know","No"
"710",25,"Male","United States","CA","No","Don't know","No","No","Don't know","No"
"711",25,"Male","United States","NE","Yes","Yes","Maybe","No","No","Yes"
"712",32,"Male","United Kingdom","","No","No","No","Maybe","No","No"
"713",25,"Male","United States","CO","Yes","Yes","Maybe","Maybe","Don't know","No"
"714",37,"Male","Netherlands","","No","Don't know","Maybe","No","Don't know","No"
"715",29,"Male","United Kingdom","","No","Don't know","No","Maybe","Don't know","Yes"
"716",33,"Male","United States","NY","Yes","Yes","Maybe","No","Don't know","No"
"717",37,"Female","United States","TX","Yes","Don't know","Yes","Yes","No","Yes"
"718",35,"Female","United States","LA","Yes","Yes","Yes","Yes","No","Yes"
"719",22,"Female","United States","WA","Yes","Don't know","Yes","Maybe","No","Yes"
"720",38,"Male","United States","MI","No","Yes","Maybe","Maybe","No","Yes"
"721",32,"Female","United States","CA","Yes","Yes","Yes","No","Don't know","No"
"722",35,"Female","United States","CA","Yes","Don't know","Maybe","Maybe","Yes","No"
"723",29,"Male","United States","MD","No","Yes","Yes","Maybe","Don't know","No"
"724",23,"Male","United States","CA","Yes","No","No","Maybe","Yes","No"
"725",39,"Male","United States","CT","No","Yes","Yes","No","Don't know","No"
"726",30,"Female","United States","CA","No","Yes","No","No","Yes","No"
"727",32,"Male","United Kingdom","","No","Don't know","Maybe","Maybe","Don't know","No"
"728",28,"Female (trans)","United States","CA","Yes","No","Yes","No","No","Yes"
"729",40,"Female","United States","WA","Yes","Yes","Maybe","No","Don't know","Yes"
"730",36,"Female","United States","CA","No","Don't know","No","Maybe","Yes","No"
"731",27,"Male","United States","IN","No","Don't know","No","Maybe","Yes","No"
"732",41,"Male","United States","TX","No","Yes","Maybe","Maybe","No","No"
"733",29,"Male","United Kingdom","","No","Don't know","Maybe","Maybe","Don't know","No"
"734",29,"Male","United Kingdom","","Yes","No","No","Maybe","No","No"
"735",35,"Male","United States","MO","Yes","No","Yes","Yes","No","Yes"
"736",28,"Male","United States","NV","Yes","No","Maybe","No","Don't know","No"
"737",36,"Female","United Kingdom","","No","Don't know","Maybe","No","Don't know","No"
"738",39,"Female","United States","WA","No","Don't know","Yes","Yes","Don't know","No"
"739",39,"Male","United States","FL","Yes","Yes","Maybe","No","Don't know","No"
"740",44,"Male","United States",NA,"Yes","No","Yes","No","Yes","No"
"741",26,"Trans","Germany","","Yes","No","No","Maybe","Yes","No"
"742",40,"Female","United States","WA","Yes","Yes","Yes","No","Don't know","No"
"743",38,"Male","United States","IL","No","No","Yes","No","Don't know","No"
"744",34,"Male","United States","FL","No","Don't know","No","Maybe","Yes","No"
"745",43,"Male","United States","MA","No","Yes","No","Maybe","Don't know","No"
"746",48,"Female (cis)","United States","CA","No","Don't know","Yes","No","No","Yes"
"747",20,"Male","United States","WA","No","Don't know","No","Maybe","Yes","No"
"748",40,"Male","United States","MI","No","Don't know","Yes","No","Don't know","No"
"749",29,"Female","United Kingdom","","Yes","Don't know","Maybe","Maybe","Don't know","No"
"750",35,"Male","United States","MI","Yes","No","No","No","Yes","No"
"751",29,"Male","United States","WI","No","Yes","Maybe","No","Yes","No"
"752",40,"Male","United States","CA","No","Yes","Maybe","Maybe","Don't know","No"
"753",29,"Female","United States","CA","Yes","Yes","No","Maybe","Don't know","No"
"754",34,"Male","United States","TX","Yes","No","Yes","Yes","Don't know","No"
"755",44,"Male","United Kingdom","","Yes","Don't know","Maybe","Maybe","No","Yes"
"756",24,"Female","United States","NY","Yes","Yes","No","Yes","No","Yes"
"757",47,"Female","United States","PA","No","Don't know","Yes","No","No","No"
"758",43,"Male","United Kingdom","","No","Don't know","Maybe","Maybe","Don't know","No"
"759",36,"Male","United States","PA","No","Yes","No","No","No","No"
"760",43,"Male","United States","GA","Yes","Don't know","Maybe","No","Don't know","No"
"761",36,"Male","United Kingdom","","No","No","No","Maybe","Don't know","Yes"
"762",31,"Female","United States","NY","Yes","Yes","No","Maybe","Don't know","No"
"763",35,"Male","United States","CA","No","Don't know","Maybe","No","Don't know","No"
"764",33,"Male","United States","TN","No","Yes","No","No","Don't know","No"
"765",34,"Male","United States","TN","Yes","Don't know","Maybe","No","Don't know","No"
"766",36,"Male","Netherlands","","Yes","No","No","No","Yes","No"
"767",40,"Male","United States","TN","Yes","No","No","No","Yes","No"
"768",40,"Male","United States","IL","No","Yes","No","Maybe","Don't know","No"
"769",42,"Male","United States","WI","Yes","No","Maybe","Maybe","Don't know","No"
"770",23,"Male","United States","KY","No","Yes","Maybe","No","Don't know","No"
"771",21,"Male","United Kingdom","","No","No","Maybe","Maybe","Don't know","No"
"772",26,"Male","Canada","","No","No","Yes","Maybe","Don't know","No"
"773",31,"Male","United States",NA,"No","Don't know","Maybe","No","Don't know","No"
"774",25,"Male","United States","CA","No","Yes","No","Yes","Yes","No"
"775",51,"Male","United States","MN","No","Yes","No","No","Yes","No"
"776",24,"Male","United States","TN","No","Don't know","No","Maybe","Don't know","No"
"777",33,"Male","United States","MN","No","No","Maybe","No","No","No"
"778",32,"Male","United Kingdom","","Yes","No","Yes","No","No","No"
"779",32,"Male","United Kingdom","","Yes","No","Yes","No","No","No"
"780",26,"Male","United Kingdom","","Yes","No","No","Maybe","Yes","No"
"781",23,"Male","United States","IL","No","Don't know","Maybe","Maybe","Don't know","No"
"782",33,"Male","United States","TN","Yes","No","Yes","Maybe","No","No"
"783",46,"Male","United States","IL","Yes","Yes","Yes","Maybe","Yes","No"
"784",34,"Male","United Kingdom","","No","No","Yes","Yes","No","Yes"
"785",35,"Male","United States","DC","Yes","Yes","Maybe","No","Don't know","No"
"786",39,"Male","United States","KS","No","No","Maybe","Maybe","No","No"
"787",32,"Male","Germany","","No","No","No","Maybe","No","No"
"788",56,"Male","United States","CA","Yes","Yes","No","Yes","Yes","No"
"789",32,"Female","United Kingdom","","Yes","Don't know","Maybe","Yes","Don't know","Yes"
"790",41,"Male","United Kingdom","","No","Yes","Maybe","Yes","No","Yes"
"791",39,"Male","United States","TN","No","Don't know","No","No","Don't know","No"
"792",37,"Male","United States","OK","No","Yes","Maybe","No","No","No"
"793",30,"Male","United States","CA","Yes","Don't know","Yes","Maybe","Don't know","No"
"794",31,"Male","United States","TN","No","Yes","Maybe","Maybe","No","No"
"795",29,"Male","United States","TX","No","Don't know","Maybe","Maybe","Don't know","No"
"796",23,"Female","United Kingdom","","No","No","Yes","Maybe","Don't know","No"
"797",31,"Male","United States","CO","Yes","Yes","Maybe","No","Don't know","No"
"798",29,"Male","United States","TN","Yes","Don't know","Maybe","No","Yes","No"
"799",30,"Mail","United States","GA","No","Yes","No","Maybe","Yes","No"
"800",37,"Male","United States","TN","No","Yes","Maybe","No","Yes","Yes"
"801",36,"Male","United States","VA","No","Yes","No","Yes","Yes","No"
"802",35,"Male","United States","TN","Yes","Yes","Maybe","Maybe","No","No"
"803",41,"Male","United States","DC","No","Don't know","Maybe","No","Don't know","No"
"804",31,"Male","United Kingdom","","Yes","Don't know","No","No","Don't know","No"
"805",38,"Male","United Kingdom","","No","Yes","No","Maybe","No","No"
"806",26,"Male","India","","No","No","No","No","Yes","No"
"807",39,"Male","United States","TN","No","Yes","Maybe","Maybe","Don't know","Yes"
"808",42,"Male","United States","VA","No","Yes","Maybe","Maybe","Don't know","No"
"809",32,"Male","United States","TN","Yes","No","Yes","Maybe","Don't know","No"
"810",29,"Male","United States","TN","No","Don't know","No","No","Don't know","No"
"811",30,"Male","United States","TN","No","Yes","Yes","Maybe","No","No"
"812",40,"Male","United States","TN","Yes","Don't know","Maybe","Yes","Don't know","No"
"813",51,"Male","United States","TN","No","Don't know","No","No","Don't know","No"
"814",33,"Male","United States","IN","No","Yes","No","No","Yes","No"
"815",34,"Male","Germany","","Yes","No","Maybe","No","Don't know","No"
"816",50,"Male","United States","VA","No","No","No","Maybe","Yes","No"
"817",24,"Male","United States","TX","No","Don't know","No","Maybe","No","No"
"818",25,"Male","United States","TX","Yes","No","Yes","Maybe","No","No"
"819",43,"Male","United Kingdom","","Yes","No","Yes","No","No","Yes"
"820",25,"Female","United States","CA","Yes","Yes","Maybe","No","Yes","Yes"
"821",24,"Male","United Kingdom","","No","No","No","Maybe","Yes","No"
"822",51,"Male","United States","CO","No","No","No","Maybe","Don't know","No"
"823",49,"Male","United States","OR","Yes","Yes","Yes","Maybe","No","Yes"
"824",30,"Male","United States","OK","No","Yes","Yes","No","Don't know","No"
"825",25,"Female","United States","OH","Yes","Yes","Yes","No","No","No"
"826",36,"Male","United States","TN","Yes","Yes","Maybe","Maybe","Don't know","No"
"827",48,"Male","United States","VA","Yes","Yes","Maybe","Maybe","Yes","Yes"
"828",48,"Male","Australia","","Yes","No","Yes","Maybe","No","Yes"
"829",53,"Male","United States","OR","Yes","Yes","Maybe","No","Don't know","No"
"830",24,"Female","United Kingdom","","Yes","No","No","No","Don't know","No"
"831",33,"Male","United States","OR","Yes","Don't know","No","No","Don't know","No"
"832",25,"Female","Canada","","Yes","Yes","No","No","Don't know","No"
"833",30,"Male","United Kingdom","","Yes","No","Yes","Maybe","No","No"
"834",30,"Male","United States","PA","No","No","Maybe","Maybe","Don't know","No"
"835",34,"Male","United Kingdom","","Yes","No","No","No","Yes","No"
"836",31,"Male","United States","SC","No","Yes","No","Yes","Yes","No"
"837",22,"Female","United States","CA","Yes","Don't know","Yes","No","Don't know","No"
"838",28,"Male","United States","TN","No","Don't know","No","Yes","Don't know","No"
"839",35,"Male","United States","UT","Yes","Yes","Maybe","No","No","No"
"840",28,"Male","United States","CA","Yes","Yes","Maybe","No","Yes","No"
"841",33,"Male","United States","MO","No","Yes","No","Yes","Yes","No"
"842",29,"Male","United States","CA","No","Yes","Yes","No","Don't know","No"
"843",43,"Male","United States",NA,"No","Yes","Maybe","Maybe","No","No"
"844",29,"Male","United States","NY","No","Yes","No","Maybe","Yes","No"
"845",25,"Male","United States","TX","No","Yes","No","Maybe","Don't know","No"
"846",31,"Male","United States","MO","No","Don't know","No","No","Don't know","No"
"847",35,"Female","United States","GA","Yes","Yes","Maybe","Maybe","Yes","No"
"848",34,"Male","United States","TX","No","Don't know","No","Maybe","Yes","No"
"849",43,"Cis Male","United States","WA","Yes","Yes","Yes","Maybe","No","Yes"
"850",38,"Male","United States","WA","Yes","No","Yes","Maybe","No","No"
"851",26,"Male","United States","WA","Yes","Don't know","Maybe","Yes","No","Yes"
"852",38,"Male","United Kingdom","","Yes","No","Maybe","No","No","No"
"853",42,"Male","United States","TX","Yes","Don't know","Yes","Maybe","Don't know","No"
"854",33,"Male","Netherlands","","Yes","Don't know","No","Maybe","Yes","Yes"
"855",32,"Male","United States","WA","Yes","Yes","Maybe","No","Don't know","No"
"856",44,"Male","United States","WA","Yes","Yes","Maybe","Maybe","No","No"
"857",28,"Male","United States","WA","Yes","Yes","Maybe","No","No","No"
"858",40,"Male","United States","WA","Yes","Yes","Yes","Maybe","Don't know","Yes"
"859",31,"Female","United States","AZ","Yes","Yes","Maybe","No","Yes","No"
"860",32,"Male","United States","WA","No","Yes","Yes","No","Don't know","No"
"861",28,"Male","United States","WA","Yes","Don't know","Maybe","Maybe","No","No"
"862",39,"Male","United States","AZ","Yes","Yes","Yes","No","No","No"
"863",45,"Male","United States","NY","No","Yes","No","No","Yes","No"
"864",43,"Male","United States","WA","Yes","Yes","No","Yes","Yes","No"
"865",35,"Male","United States","CA","Yes","Yes","Maybe","No","Don't know","No"
"866",40,"Male","United States","WA","Yes","Yes","Maybe","No","Don't know","No"
"867",34,"Male","Netherlands","","Yes","No","No","Maybe","Yes","No"
"868",24,"Male","United Kingdom","","Yes","Don't know","Yes","Maybe","No","Yes"
"869",36,"Female","United States","WA","Yes","Don't know","Yes","No","Don't know","No"
"870",38,"Male","United States","TN","No","No","Maybe","Maybe","Don't know","No"
"871",33,"Male","Germany","","Yes","Don't know","No","Yes","Yes","No"
"872",30,"Male","United States","WA","No","Don't know","Yes","No","No","No"
"873",34,"Male","Netherlands","","Yes","Yes","No","Maybe","Yes","No"
"874",26,"Male","United States","CA","Yes","Yes","No","Maybe","No","No"
"875",33,"Male","United Kingdom","","No","Don't know","No","Maybe","Don't know","No"
"876",32,"Male","United Kingdom","","No","Don't know","No","Maybe","No","No"
"877",25,"Male","Germany","","No","No","No","Yes","Yes","No"
"878",35,"Male","Germany","","Yes","Don't know","Yes","Maybe","Don't know","No"
"879",24,"Male","United Kingdom","","No","Don't know","Maybe","Maybe","Don't know","No"
"880",55,"Male","United Kingdom","","Yes","Yes","Yes","Maybe","No","Yes"
"881",33,"Male","United Kingdom","","Yes","No","Yes","Maybe","No","Yes"
"882",26,"Female","United Kingdom","","Yes","No","Maybe","Maybe","Yes","No"
"883",25,"Male","United Kingdom","","No","Don't know","No","No","Don't know","No"
"884",45,"Male","United Kingdom","","No","Don't know","Maybe","Maybe","Don't know","No"
"885",33,"Female","United Kingdom","","Yes","No","No","No","Don't know","No"
"886",43,"Male","United States","MI","No","No","Yes","Maybe","No","Yes"
"887",30,"Male","United Kingdom","","Yes","No","Yes","No","Yes","Yes"
"888",40,"Male","United States","IN","Yes","Don't know","No","Maybe","Don't know","No"
"889",49,"Male","United States","GA","No","Yes","No","No","Yes","No"
"890",29,"Male","Germany","","No","Don't know","No","Yes","Don't know","No"
"891",26,"Male","Germany","","No","Don't know","No","Maybe","Don't know","No"
"892",38,"cis male","United States","WA","No","Yes","Maybe","Maybe","No","Yes"
"893",27,"Male","France","","No","Yes","Maybe","Maybe","Don't know","Yes"
"894",28,"Male","United Kingdom","","Yes","No","Maybe","No","No","No"
"895",40,"Male","United States","ME","Yes","No","Maybe","Maybe","No","No"
"896",37,"Female","Canada","","Yes","No","Yes","Maybe","Don't know","Yes"
"897",34,"Female","United Kingdom","","Yes","Yes","Yes","No","Don't know","No"
"898",28,"Male","United States","NY","Yes","Don't know","Maybe","Yes","Don't know","No"
"899",27,"Male","Canada","","No","Yes","No","Maybe","Yes","No"
"900",29,"Male","United Kingdom","","Yes","No","No","Yes","Yes","No"
"901",39,"Female","United Kingdom","","No","Don't know","Yes","No","No","Yes"
"902",28,"Male","United Kingdom","","No","No","Yes","Yes","Yes","No"
"903",23,"Male","United States","PA","No","Yes","No","Maybe","Don't know","No"
"904",38,"Male","United Kingdom","","No","No","No","No","Don't know","No"
"905",19,"Male","United Kingdom","","No","Yes","No","No","Yes","No"
"906",30,"Female","United States","IL","Yes","Yes","No","No","Yes","No"
"907",28,"Male","United Kingdom","","No","No","Maybe","No","Yes","No"
"908",20,"Male","India","","Yes","Don't know","Yes","Maybe","Yes","No"
"909",35,"Male","United Kingdom","","No","Don't know","No","No","Don't know","No"
"910",39,"Male","United States","MN","Yes","Yes","Maybe","No","Don't know","No"
"911",31,"Female","United States","TX","No","Yes","Yes","No","Don't know","No"
"912",32,"Male","United Kingdom","","No","No","Yes","No","Don't know","No"
"913",25,"Male","United States","PA","Yes","Yes","No","Maybe","Don't know","No"
"914",42,"Male","United States","IN","Yes","Don't know","Maybe","Maybe","Don't know","No"
"915",34,"Male","United States","PA","Yes","Yes","No","Maybe","Don't know","No"
"916",26,"Female","United States","OH","Yes","Don't know","Maybe","Maybe","Don't know","Yes"
"917",35,"Male","United Kingdom","","Yes","No","Yes","Maybe","Yes","Yes"
"918",34,"Male","United Kingdom","","No","Don't know","Maybe","No","Yes","No"
"919",38,"Male","United States","PA","Yes","Yes","No","Yes","Don't know","No"
"920",34,"Male","United States","SD","No","Don't know","Yes","Maybe","Don't know","No"
"921",39,"Male","United States","IN","Yes","No","No","Yes","Yes","No"
"922",44,"Female","United States","CA","No","Don't know","Yes","No","Don't know","No"
"923",40,"Male","United States","TN","No","Yes","Maybe","No","Don't know","No"
"924",33,"Female","United States","TX","No","No","Maybe","No","Yes","No"
"925",24,"Female","United States","TN","No","Yes","Yes","No","No","Yes"
"926",38,"Female","United States","OR","No","Don't know","No","No","Don't know","No"
"927",31,"Male","United States","SD","No","Yes","Yes","Maybe","Yes","No"
"928",26,"Female","United States","NY","No","Don't know","No","Maybe","Yes","No"
"929",46,"Female (trans)","United States","CT","Yes","Yes","Yes","No","No","Yes"
"930",30,"Male","United States","CA","Yes","Yes","Maybe","Maybe","Don't know","No"
"931",25,"Male","United States",NA,"No","Don't know","Yes","Yes","Don't know","Yes"
"932",19,"Male","Canada","","No","Don't know","No","Maybe","No","No"
"933",30,"Female","United States","GA","Yes","Yes","Maybe","No","No","Yes"
"934",32,"Male","United States","TN","No","Yes","No","Maybe","Yes","No"
"935",32,"Male","United Kingdom","","No","No","Maybe","Maybe","Don't know","No"
"936",37,"Male","United States","IN","No","Don't know","Maybe","Maybe","No","No"
"937",42,"Male","United States","CA","Yes","Don't know","Maybe","No","Don't know","No"
"938",25,"Female","United States","OR","No","Yes","Maybe","No","Yes","No"
"939",19,"Male","United States","IN","No","Don't know","No","Maybe","Don't know","No"
"940",40,"Female","United States","GA","No","Yes","Yes","No","Don't know","No"
"941",34,"Male","United States","IN","No","Yes","Maybe","No","Don't know","No"
"942",26,"Male","United States","MN","No","Don't know","No","No","Yes","No"
"943",31,"Male","United States","MN","Yes","Don't know","No","Maybe","Yes","No"
"944",40,"Male","United States","NC","No","Yes","Yes","Maybe","No","No"
"945",31,"Female","United States","FL","Yes","No","Yes","Yes","No","Yes"
"946",36,"Male","United States","MN","No","Don't know","Yes","Maybe","Don't know","Yes"
"947",35,"Male","Canada","","No","No","Maybe","No","Don't know","No"
"948",26,"Male","Australia","","Yes","No","No","Maybe","Yes","No"
"949",44,"Male","United States","MO","No","Don't know","Yes","No","No","No"
"950",34,"Female","United States","CA","No","No","No","Maybe","Yes","No"
"951",35,"Male","United States","OR","No","No","No","No","Don't know","No"
"952",28,"Female","United States","OH","Yes","Don't know","Yes","Maybe","No","No"
"953",33,"Male","United States","NY","No","Yes","No","No","Yes","No"
"954",40,"Male","United States","WI","Yes","Yes","Yes","Maybe","Don't know","No"
"955",26,"Male","United States","WA","Yes","Yes","Maybe","Maybe","Don't know","No"
"956",29,"Female","United Kingdom","","Yes","Yes","Maybe","Yes","No","Yes"
"957",26,"Female","Canada","","Yes","Yes","Maybe","Maybe","Don't know","No"
"958",41,"Male","United States","IL","Yes","No","No","No","Yes","Yes"
"959",39,"Male","United Kingdom","","Yes","No","No","Maybe","Yes","Yes"
"960",26,"Female","United States","WA","Yes","Yes","No","Maybe","No","Yes"
"961",23,"Female","United States","IL","No","No","Yes","Maybe","No","No"
"962",36,"Male","United States","FL","No","Don't know","No","No","Don't know","No"
"963",42,"Male","United States","TN","No","Don't know","Maybe","Maybe","No","No"
"964",39,"Male","United States","WA","Yes","Yes","No","No","Yes","No"
"965",27,"Male","United States","CA","No","Don't know","Maybe","Maybe","Don't know","No"
"966",33,"Male","United States","FL","No","Don't know","Maybe","Maybe","Yes","No"
"967",31,"Male","Canada","","Yes","Yes","Maybe","Maybe","Don't know","No"
"968",28,"Female","United States","OR","Yes","Yes","No","Yes","Don't know","No"
"969",29,"Female","United States","NJ","Yes","Yes","No","Maybe","Don't know","No"
"970",27,"Male","United States","CA","Yes","Don't know","Maybe","Maybe","No","No"
"971",44,"Male","United States","FL","No","Don't know","No","No","Don't know","No"
"972",25,"Male","United States","UT","Yes","Don't know","Maybe","Maybe","Don't know","No"
"973",24,"Male","Germany","","Yes","No","Maybe","No","Don't know","No"
"974",34,"Male","United States","NJ","No","Yes","Maybe","Maybe","Don't know","No"
"975",26,"Male","United States","PA","No","Yes","Maybe","No","Don't know","No"
"976",48,"Male","United States","IN","No","Yes","Maybe","Maybe","Don't know","No"
"977",39,"Female","United States","OH","Yes","No","Maybe","Maybe","No","No"
"978",43,"Male","United States","OH","No","Yes","Maybe","No","Don't know","No"
"979",41,"Male","United States","IL","No","Yes","Maybe","No","Yes","Yes"
"980",25,"Male","United States","IN","No","Don't know","No","No","Don't know","No"
"981",31,"Male","United States","CA","Yes","Yes","Maybe","Maybe","No","No"
"982",40,"Male","United States","WA","Yes","Yes","Yes","Maybe","No","Yes"
"983",43,"Male","United States","VA","Yes","Yes","Maybe","Maybe","Don't know","No"
"984",27,"Female","United States","WA","Yes","Yes","Maybe","Maybe","No","Yes"
"985",37,"Female","United States","NJ","Yes","Yes","Yes","Maybe","Don't know","No"
"986",32,"Male","Netherlands","","Yes","No","Maybe","Maybe","No","No"
"987",25,"Male","United States","UT","Yes","No","Maybe","Maybe","No","No"
"988",29,"Male","Netherlands","","Yes","Don't know","No","No","Yes","No"
"989",30,"Female","United States","TN","Yes","Yes","Yes","Maybe","No","No"
"990",34,"Female","Canada","","Yes","Don't know","No","No","Yes","No"
"991",32,"Male","United Kingdom","","Yes","Yes","Maybe","Maybe","No","No"
"992",37,"Male","Germany","","No","Don't know","No","Maybe","Yes","No"
"993",41,"Male","Germany","","Yes","Don't know","No","No","Yes","No"
"994",38,"Male","United States","IN","No","Yes","Yes","No","No","No"
"995",32,"Male","United States","IN","Yes","Yes","No","Maybe","Don't know","No"
"996",28,"Female","United States","CA","Yes","Yes","Maybe","No","Yes","No"
"997",43,"Male","United States","TX","No","Yes","Maybe","Maybe","No","No"
"998",32,"Male","United States","TN","Yes","No","Yes","Yes","No","No"
"999",25,"Male","United States","WA","Yes","Yes","Yes","No","Yes","No"
"1000",37,"Male","United States","UT","Yes","Yes","No","No","Yes","No"
"1001",36,"Male","United States","AL","Yes","No","No","No","No","Yes"
"1002",24,"Male","United States","WI","Yes","Don't know","No","Yes","Yes","No"
"1003",40,"Male","United States","WA","Yes","Yes","Maybe","Maybe","Don't know","Yes"
"1004",29,"Male","United States","WI","No","Don't know","No","Maybe","Yes","No"
"1005",43,"Male","United States","NY","No","Don't know","No","No","Yes","No"
"1006",29,"Male","United States","NY","No","Yes","Maybe","Yes","Don't know","No"
"1007",26,"Male","United States","OH","No","Don't know","Maybe","Maybe","Don't know","No"
"1008",33,"Female","Canada","","Yes","No","Yes","Maybe","No","Yes"
"1009",35,"Female","United States","WA","No","Don't know","No","No","Yes","No"
"1010",45,"Male","United States","CA","No","Yes","Yes","Maybe","Don't know","No"
"1011",25,"Male","United States","SC","Yes","No","Maybe","Maybe","Don't know","No"
"1012",50,"Male","France","","Yes","No","Maybe","No","Don't know","No"
"1013",26,"Male","Australia","","Yes","No","No","Yes","Yes","No"
"1014",33,"Female","United States","CA","Yes","Yes","Yes","Maybe","Don't know","No"
"1015",30,"Male","India","","No","No","Maybe","Maybe","Don't know","No"
"1016",29,"Male","France","","Yes","Yes","Maybe","Yes","No","No"
"1017",37,"Male","Germany","","No","No","Maybe","Yes","Don't know","No"
"1018",25,"Male","United States","MN","Yes","Don't know","No","Yes","Don't know","No"
"1019",40,"Male","United States","WA","No","Yes","Maybe","Maybe","Don't know","No"
"1020",24,"Male","Canada","","No","Yes","Maybe","Maybe","Don't know","Yes"
"1021",40,"Male","United Kingdom","","Yes","Don't know","Maybe","Maybe","Don't know","No"
"1022",46,"Male","United States","PA","Yes","Don't know","Yes","Maybe","Don't know","No"
"1023",38,"Male","United States","NY","Yes","Yes","Yes","Yes","Don't know","No"
"1024",34,"Male","United States","VT","No","No","Yes","No","Don't know","No"
"1025",32,"Male","United Kingdom","","Yes","No","No","Yes","No","Yes"
"1026",44,"Male","United Kingdom","","Yes","No","Maybe","No","No","No"
"1027",33,"Female","United Kingdom","","Yes","Don't know","Maybe","Maybe","No","No"
"1028",45,"Female","United States","MI","Yes","Don't know","No","Maybe","Don't know","No"
"1029",35,"Male","United States","NY","No","Don't know","No","No","Yes","No"
"1030",26,"Male","Germany","","Yes","No","Maybe","Yes","No","Yes"
"1031",20,"Female","United States","NY","Yes","Don't know","No","Maybe","Don't know","No"
"1032",37,"Male","Netherlands","","No","No","Maybe","Maybe","Yes","No"
"1033",28,"Male","United States","MI","No","Yes","Maybe","Yes","No","No"
"1034",42,"Female","United States","WA","Yes","Yes","Yes","Yes","No","No"
"1035",32,"Male","United Kingdom","","No","No","Maybe","No","Don't know","Yes"
"1036",36,"Female","United States","TN","Yes","Yes","Maybe","No","Don't know","No"
"1037",27,"Male","United Kingdom","","Yes","No","Maybe","Maybe","No","No"
"1038",25,"Male","United Kingdom","","Yes","No","No","Maybe","Yes","No"
"1039",41,"Male","United Kingdom","","No","No","Maybe","Maybe","Don't know","No"
"1040",23,"Male","Germany","","Yes","Don't know","Maybe","No","Don't know","No"
"1041",21,"Male","United Kingdom","","Yes","Don't know","Maybe","No","Don't know","No"
"1042",27,"Female","United Kingdom","","No","No","Maybe","Yes","Yes","No"
"1043",26,"Female","United States","NY","No","Don't know","Maybe","No","Don't know","No"
"1044",38,"Male","United Kingdom","","Yes","No","No","Yes","Don't know","No"
"1045",39,"Male","United Kingdom","","Yes","No","Maybe","Maybe","Yes","No"
"1046",35,"Male","United States","IN","Yes","Yes","Yes","Yes","Don't know","No"
"1047",32,"Male","United States","NC","No","Yes","Maybe","Maybe","Don't know","No"
"1048",32,"Male","United States","CA","Yes","Yes","Maybe","No","Don't know","Yes"
"1049",26,"Male","United Kingdom","","No","No","Yes","Maybe","Don't know","No"
"1050",38,"Male","Canada","","Yes","Don't know","No","Maybe","No","No"
"1051",34,"Female","United Kingdom","","No","Yes","No","Maybe","Yes","No"
"1052",39,"Male","United States","TN","Yes","Don't know","Yes","Maybe","Don't know","No"
"1053",32,"Male","Canada","","No","Don't know","No","Maybe","Yes","No"
"1054",37,"Male","Netherlands","","No","Don't know","Yes","No","Don't know","No"
"1055",31,"Male","United Kingdom","","Yes","Don't know","No","No","Don't know","No"
"1056",30,"Male","United States","MN","Yes","No","No","No","Don't know","No"
"1057",29,"Male","United States","NC","Yes","Yes","Yes","Maybe","Don't know","No"
"1058",31,"Male","United Kingdom","","No","Yes","Maybe","No","Yes","No"
"1059",31,"Male","India","","No","Don't know","Yes","No","Don't know","No"
"1060",26,"Male","United States","TX","Yes","Don't know","Maybe","Maybe","Don't know","No"
"1061",46,"Female","United States","CA","Yes","Yes","Maybe","Maybe","No","No"
"1062",32,"Male","United States","CA","No","Yes","Maybe","No","Don't know","No"
"1063",29,"Male","United States","IL","Yes","Yes","Maybe","Maybe","Don't know","No"
"1064",32,"Female","United States","PA","Yes","Yes","Maybe","No","No","No"
"1065",29,"Male","United States","IL","No","Don't know","Maybe","Yes","No","No"
"1066",30,"Male","United States","IL","No","Yes","Yes","No","Don't know","No"
"1067",40,"Female","United States","MN","Yes","Yes","No","Maybe","Yes","Yes"
"1068",23,"Male","United Kingdom","","Yes","No","Maybe","Yes","No","Yes"
"1069",38,"Male","United States","NY","No","Don't know","No","No","Don't know","Yes"
"1070",26,"Female","United States","MI","Yes","Yes","Maybe","Maybe","No","No"
"1071",29,"Male","United States","OH","No","No","No","Yes","No","Yes"
"1072",32,"Woman","United States","NY","Yes","Yes","Maybe","No","No","No"
"1073",38,"Male","United States","CA","Yes","Yes","Maybe","Maybe","No","Yes"
"1074",72,"Female","United States","IN","Yes","Yes","Maybe","No","Don't know","Yes"
"1075",35,"Female","United States","IN","Yes","No","Maybe","No","Yes","No"
"1076",28,"Female","United States","VA","Yes","No","Yes","No","Don't know","No"
"1077",27,"Female","United States","OK","No","Don't know","No","No","Yes","No"
"1078",56,"Female","United States","OR","No","Don't know","Maybe","No","Don't know","No"
"1079",38,"Male","United States","AL","Yes","Yes","Maybe","No","Don't know","No"
"1080",40,"Male","United States","AL","Yes","Yes","Maybe","No","Yes","No"
"1081",44,"Male","United States","OH","Yes","Yes","Maybe","No","Don't know","No"
"1082",34,"Male","Canada","","No","Yes","Maybe","Maybe","Don't know","No"
"1083",37,"Male","United Kingdom","","No","Don't know","No","Yes","Don't know","No"
"1084",27,"Male","Germany","","No","Don't know","No","Yes","Don't know","No"
"1085",34,"Female","Ireland","","Yes","Yes","Yes","No","Yes","No"
"1086",35,"Female","Ireland","","No","Don't know","Maybe","Maybe","No","No"
"1087",34,"Male","Ireland","","Yes","No","Yes","Maybe","No","No"
"1088",32,"Male","United States","TX","Yes","Yes","Yes","No","Don't know","No"
"1089",25,"Male","Ireland","","No","Don't know","Maybe","No","Don't know","No"
"1090",28,"Male","Australia","","Yes","No","Yes","Maybe","No","No"
"1091",28,"Female","United States","TX","Yes","Yes","Yes","No","No","Yes"
"1092",24,"Male","United Kingdom","","No","Don't know","Maybe","Maybe","Don't know","No"
"1093",34,"Male","Ireland","","Yes","No","Maybe","No","Don't know","No"
"1094",32,"Male","Ireland","","Yes","No","No","Maybe","Don't know","No"
"1095",34,"Male","United Kingdom","","No","Don't know","Maybe","Yes","Yes","No"
"1096",23,"Male","United States","TX","Yes","No","Maybe","No","No","No"
"1097",24,"Male","Ireland","","No","No","Maybe","No","Don't know","No"
"1098",45,"Male","Ireland","","No","Don't know","Yes","No","No","Yes"
"1099",34,"Female","United Kingdom","","Yes","No","Maybe","Maybe","No","Yes"
"1100",33,"Male","United States","FL","Yes","Yes","Maybe","Maybe","Don't know","No"
"1101",28,"Male","Netherlands","","No","No","Maybe","No","Don't know","No"
"1102",27,"Male","United Kingdom","","No","Don't know","No","No","Don't know","No"
"1103",42,"Male","Ireland","","No","No","Yes","No","No","No"
"1104",28,"Male","Netherlands","","No","No","Maybe","No","Don't know","No"
"1105",38,"Male","United States","TX","Yes","Yes","No","No","Don't know","No"
"1106",46,"Male","United States","CA","Yes","Don't know","Maybe","No","No","No"
"1107",46,"Male","United States","MD","Yes","Don't know","No","Yes","Don't know","No"
"1108",41,"Female","Netherlands","","Yes","Don't know","No","Yes","Yes","No"
"1109",23,"Male","United Kingdom","","No","Don't know","Maybe","Maybe","Yes","Yes"
"1110",24,"Male","Ireland","","Yes","Yes","Maybe","Maybe","Yes","Yes"
"1111",23,"Female","Ireland","","Yes","No","No","Maybe","Don't know","No"
"1112",39,"Male","Netherlands","","No","Yes","Maybe","No","Yes","No"
"1113",32,"Female","Ireland","","No","Yes","Maybe","No","Don't know","No"
"1114",25,"Male","United States","MN","Yes","Don't know","Yes","Maybe","Don't know","No"
"1115",23,"Female","United Kingdom","","Yes","No","No","Maybe","Yes","No"
"1116",24,"Cis Man","United Kingdom","","Yes","No","Maybe","Maybe","Don't know","Yes"
"1117",25,"Male","United Kingdom","","Yes","Yes","No","Yes","Yes","No"
"1118",23,"Male","United Kingdom","","Yes","No","No","Maybe","Don't know","No"
"1119",24,"Trans","United Kingdom","","Yes","Don't know","Yes","Maybe","Don't know","No"
"1120",23,"Male","Canada","","Yes","Yes","Maybe","No","Don't know","No"
"1121",60,"Male","United States","CA","Yes","Don't know","Maybe","Maybe","Don't know","No"
"1122",28,"Male","Ireland","","No","No","Yes","No","No","Yes"
"1123",28,"Male","United States","TN","Yes","Yes","Yes","No","No","Yes"
"1124",30,"Male","Netherlands","","No","Don't know","Maybe","Yes","Don't know","No"
"1125",31,"Male","Germany","","Yes","Don't know","No","No","Don't know","No"
"1126",28,"Male","Ireland","","Yes","Don't know","Maybe","Maybe","Don't know","No"
"1127",43,"Female","United States","FL","Yes","Yes","No","No","Don't know","No"
"1128",32,"Female","United Kingdom","","No","No","Maybe","Yes","No","No"
"1129",22,"Male","Australia","","Yes","Yes","Maybe","Maybe","Don't know","Yes"
"1130",32,"Male","United States","OR","No","Yes","No","Yes","Don't know","No"
"1131",41,"Female","United States","WA","Yes","Yes","Yes","No","Don't know","No"
"1132",30,"Male","United States","CA","Yes","Yes","No","Maybe","Yes","No"
"1133",30,"Male","United States","CA","Yes","Yes","No","Maybe","Yes","No"
"1134",29,"Male","United States","NC","Yes","Yes","Yes","Maybe","No","No"
"1135",36,"Male","United States","UT","No","Don't know","Maybe","No","Don't know","No"
"1136",26,"Male","United Kingdom","","Yes","No","No","No","Don't know","No"
"1137",32,"Male","United States","IL","Yes","Yes","No","No","Yes","No"
"1138",34,"Male","United States","CA","Yes","Yes","Yes","No","No","No"
"1139",46,"Female","United States","NC","No","No","Yes","No","No","No"
"1140",25,"Male","United States","IL","Yes","Yes","Maybe","No","Don't know","No"
